[
    {
        "id": "001",
        "nombre": "Katie Mitchell",
        "region": "Kanto",
        "ranking": 1956,
        "estado": "Activo",
        "suspension": 0
    },
    {
        "id": "002",
        "nombre": "Andrea Hudson",
        "region": "Unova",
        "ranking": 1412,
        "estado": "Suspendido",
        "suspension": 4
    },
    {
        "id": "003",
        "nombre": "Tammy Osborne",
        "region": "Sinnoh",
        "ranking": 1896,
        "estado": "Expulsado",
        "suspension": 0
    },
    {
        "id": "004",
        "nombre": "Elizabeth Wyatt",
        "region": "Kanto",
        "ranking": 1758,
        "estado": "Activo",
        "suspension": 0
    },
    {
        "id": "005",
        "nombre": "Pamela Johnson",
        "region": "Kanto",
        "ranking": 1775,
        "estado": "Activo",
        "suspension": 0
    },
    {
        "id": "006",
        "nombre": "Lori Howell",
        "region": "Johto",
        "ranking": 1220,
        "estado": "Activo",
        "suspension": 0
    },
    {
        "id": "007",
        "nombre": "Sarah Thomas",
        "region": "Hoenn",
        "ranking": 1223,
        "estado": "Expulsado",
        "suspension": 0
    },
    {
        "id": "008",
        "nombre": "James Hill",
        "region": "Kanto",
        "ranking": 1489,
        "estado": "Suspendido",
        "suspension": 5
    },
    {
        "id": "009",
        "nombre": "Roy Graham",
        "region": "Sinnoh",
        "ranking": 1854,
        "estado": "Activo",
        "suspension": 0
    },
    {
        "id": "010",
        "nombre": "Dominique Snow",
        "region": "Johto",
        "ranking": 1683,
        "estado": "Activo",
        "suspension": 0
    },
    {
        "id": "011",
        "nombre": "James Wallace",
        "region": "Hoenn",
        "ranking": 1175,
        "estado": "Activo",
        "suspension": 0
    },
    {
        "id": "012",
        "nombre": "Kelly Hill",
        "region": "Hoenn",
        "ranking": 1529,
        "estado": "Activo",
        "suspension": 0
    },
    {
        "id": "013",
        "nombre": "Lori Byrd",
        "region": "Hoenn",
        "ranking": 1638,
        "estado": "Suspendido",
        "suspension": 4
    },
    {
        "id": "014",
        "nombre": "Tami Gill",
        "region": "Johto",
        "ranking": 1268,
        "estado": "Activo",
        "suspension": 0
    },
    {
        "id": "015",
        "nombre": "Jeffrey Davis",
        "region": "Johto",
        "ranking": 1121,
        "estado": "Expulsado",
        "suspension": 0
    },
    {
        "id": "016",
        "nombre": "David Austin",
        "region": "Hoenn",
        "ranking": 1530,
        "estado": "Activo",
        "suspension": 0
    },
    {
        "id": "017",
        "nombre": "Richard Edwards",
        "region": "Hoenn",
        "ranking": 1173,
        "estado": "Activo",
        "suspension": 0
    },
    {
        "id": "018",
        "nombre": "Nicholas Hensley",
        "region": "Sinnoh",
        "ranking": 1861,
        "estado": "Activo",
        "suspension": 0
    },
    {
        "id": "019",
        "nombre": "Kristen Reed MD",
        "region": "Sinnoh",
        "ranking": 1750,
        "estado": "Activo",
        "suspension": 0
    },
    {
        "id": "020",
        "nombre": "Sarah Hall",
        "region": "Unova",
        "ranking": 1575,
        "estado": "Suspendido",
        "suspension": 3
    },
    {
        "id": "021",
        "nombre": "Jessica Romero",
        "region": "Hoenn",
        "ranking": 1528,
        "estado": "Activo",
        "suspension": 0
    },
    {
        "id": "022",
        "nombre": "Michelle Davis",
        "region": "Johto",
        "ranking": 1904,
        "estado": "Activo",
        "suspension": 0
    },
    {
        "id": "023",
        "nombre": "Kerri Schroeder",
        "region": "Sinnoh",
        "ranking": 1021,
        "estado": "Activo",
        "suspension": 0
    },
    {
        "id": "024",
        "nombre": "Tiffany Sexton",
        "region": "Kanto",
        "ranking": 1301,
        "estado": "Activo",
        "suspension": 0
    },
    {
        "id": "025",
        "nombre": "Katelyn Morgan",
        "region": "Sinnoh",
        "ranking": 1975,
        "estado": "Activo",
        "suspension": 0
    },
    {
        "id": "026",
        "nombre": "Mrs. Erika West",
        "region": "Hoenn",
        "ranking": 1692,
        "estado": "Activo",
        "suspension": 0
    },
    {
        "id": "027",
        "nombre": "Samuel Ortiz",
        "region": "Johto",
        "ranking": 1370,
        "estado": "Activo",
        "suspension": 0
    },
    {
        "id": "028",
        "nombre": "Julian Pham",
        "region": "Unova",
        "ranking": 1272,
        "estado": "Activo",
        "suspension": 0
    },
    {
        "id": "029",
        "nombre": "Steven Juarez",
        "region": "Hoenn",
        "ranking": 1965,
        "estado": "Suspendido",
        "suspension": 1
    },
    {
        "id": "030",
        "nombre": "Ian Henson",
        "region": "Hoenn",
        "ranking": 1016,
        "estado": "Activo",
        "suspension": 0
    },
    {
        "id": "031",
        "nombre": "Matthew Green",
        "region": "Sinnoh",
        "ranking": 1415,
        "estado": "Suspendido",
        "suspension": 2
    },
    {
        "id": "032",
        "nombre": "Brian Barnes",
        "region": "Kanto",
        "ranking": 1606,
        "estado": "Activo",
        "suspension": 0
    },
    {
        "id": "033",
        "nombre": "Miss Sara Rodriguez",
        "region": "Kanto",
        "ranking": 1364,
        "estado": "Activo",
        "suspension": 0
    },
    {
        "id": "034",
        "nombre": "Christopher Armstrong",
        "region": "Sinnoh",
        "ranking": 1731,
        "estado": "Activo",
        "suspension": 0
    },
    {
        "id": "035",
        "nombre": "Nancy Nichols",
        "region": "Sinnoh",
        "ranking": 1650,
        "estado": "Suspendido",
        "suspension": 2
    },
    {
        "id": "036",
        "nombre": "Christine Bruce",
        "region": "Kanto",
        "ranking": 1305,
        "estado": "Activo",
        "suspension": 0
    },
    {
        "id": "037",
        "nombre": "Daniel Alvarez",
        "region": "Unova",
        "ranking": 1803,
        "estado": "Activo",
        "suspension": 0
    },
    {
        "id": "038",
        "nombre": "Tyler Francis",
        "region": "Hoenn",
        "ranking": 1921,
        "estado": "Activo",
        "suspension": 0
    },
    {
        "id": "039",
        "nombre": "April James",
        "region": "Hoenn",
        "ranking": 1627,
        "estado": "Activo",
        "suspension": 0
    },
    {
        "id": "040",
        "nombre": "Regina Fitzgerald",
        "region": "Sinnoh",
        "ranking": 1719,
        "estado": "Activo",
        "suspension": 0
    },
    {
        "id": "041",
        "nombre": "Michelle Phelps",
        "region": "Sinnoh",
        "ranking": 1234,
        "estado": "Activo",
        "suspension": 0
    },
    {
        "id": "042",
        "nombre": "Kristine Orozco",
        "region": "Unova",
        "ranking": 1311,
        "estado": "Activo",
        "suspension": 0
    },
    {
        "id": "043",
        "nombre": "Katrina Hart",
        "region": "Unova",
        "ranking": 1472,
        "estado": "Expulsado",
        "suspension": 0
    },
    {
        "id": "044",
        "nombre": "Dr. Shawn Landry",
        "region": "Sinnoh",
        "ranking": 1396,
        "estado": "Activo",
        "suspension": 0
    },
    {
        "id": "045",
        "nombre": "James Willis",
        "region": "Johto",
        "ranking": 1071,
        "estado": "Activo",
        "suspension": 0
    },
    {
        "id": "046",
        "nombre": "Andrea Matthews",
        "region": "Kanto",
        "ranking": 1888,
        "estado": "Activo",
        "suspension": 0
    },
    {
        "id": "047",
        "nombre": "Javier Barnes",
        "region": "Kanto",
        "ranking": 1228,
        "estado": "Activo",
        "suspension": 0
    },
    {
        "id": "048",
        "nombre": "Stephanie Blankenship",
        "region": "Sinnoh",
        "ranking": 1802,
        "estado": "Activo",
        "suspension": 0
    },
    {
        "id": "049",
        "nombre": "Jennifer Williams",
        "region": "Kanto",
        "ranking": 1810,
        "estado": "Activo",
        "suspension": 0
    },
    {
        "id": "050",
        "nombre": "Steven Sullivan",
        "region": "Johto",
        "ranking": 1133,
        "estado": "Expulsado",
        "suspension": 0
    },
    {
        "id": "051",
        "nombre": "Beth Dyer",
        "region": "Johto",
        "ranking": 1701,
        "estado": "Suspendido",
        "suspension": 1
    },
    {
        "id": "052",
        "nombre": "Jordan Hartman",
        "region": "Johto",
        "ranking": 1874,
        "estado": "Activo",
        "suspension": 0
    },
    {
        "id": "053",
        "nombre": "Mary Gordon",
        "region": "Hoenn",
        "ranking": 1354,
        "estado": "Activo",
        "suspension": 0
    },
    {
        "id": "054",
        "nombre": "Scott Herrera",
        "region": "Johto",
        "ranking": 2000,
        "estado": "Activo",
        "suspension": 0
    },
    {
        "id": "055",
        "nombre": "John Haynes",
        "region": "Sinnoh",
        "ranking": 1316,
        "estado": "Activo",
        "suspension": 0
    },
    {
        "id": "056",
        "nombre": "Juan Moreno",
        "region": "Kanto",
        "ranking": 1313,
        "estado": "Suspendido",
        "suspension": 3
    },
    {
        "id": "057",
        "nombre": "Jason Cooper",
        "region": "Johto",
        "ranking": 1415,
        "estado": "Activo",
        "suspension": 0
    },
    {
        "id": "058",
        "nombre": "Paul Cook",
        "region": "Johto",
        "ranking": 1956,
        "estado": "Expulsado",
        "suspension": 0
    },
    {
        "id": "059",
        "nombre": "Christina Arnold",
        "region": "Kanto",
        "ranking": 1442,
        "estado": "Suspendido",
        "suspension": 2
    },
    {
        "id": "060",
        "nombre": "Arthur Williams",
        "region": "Johto",
        "ranking": 1140,
        "estado": "Activo",
        "suspension": 0
    },
    {
        "id": "061",
        "nombre": "Monica Ramirez",
        "region": "Kanto",
        "ranking": 1338,
        "estado": "Activo",
        "suspension": 0
    },
    {
        "id": "062",
        "nombre": "Jeffrey Owens",
        "region": "Unova",
        "ranking": 1349,
        "estado": "Activo",
        "suspension": 0
    },
    {
        "id": "063",
        "nombre": "Valerie Bennett",
        "region": "Johto",
        "ranking": 1296,
        "estado": "Suspendido",
        "suspension": 4
    },
    {
        "id": "064",
        "nombre": "Thomas Elliott",
        "region": "Johto",
        "ranking": 1632,
        "estado": "Activo",
        "suspension": 0
    },
    {
        "id": "065",
        "nombre": "Shane Pineda",
        "region": "Hoenn",
        "ranking": 1875,
        "estado": "Suspendido",
        "suspension": 5
    },
    {
        "id": "066",
        "nombre": "Ronnie Atkinson",
        "region": "Kanto",
        "ranking": 1676,
        "estado": "Activo",
        "suspension": 0
    },
    {
        "id": "067",
        "nombre": "Alfred Johnston",
        "region": "Kanto",
        "ranking": 1960,
        "estado": "Suspendido",
        "suspension": 2
    },
    {
        "id": "068",
        "nombre": "Christopher Collins",
        "region": "Sinnoh",
        "ranking": 1831,
        "estado": "Activo",
        "suspension": 0
    },
    {
        "id": "069",
        "nombre": "Marie Adams",
        "region": "Hoenn",
        "ranking": 1383,
        "estado": "Activo",
        "suspension": 0
    },
    {
        "id": "070",
        "nombre": "Matthew Burke",
        "region": "Unova",
        "ranking": 1997,
        "estado": "Activo",
        "suspension": 0
    },
    {
        "id": "071",
        "nombre": "Eddie Miller",
        "region": "Johto",
        "ranking": 1091,
        "estado": "Activo",
        "suspension": 0
    },
    {
        "id": "072",
        "nombre": "Joshua Torres",
        "region": "Unova",
        "ranking": 1076,
        "estado": "Suspendido",
        "suspension": 3
    },
    {
        "id": "073",
        "nombre": "Nancy Jensen",
        "region": "Hoenn",
        "ranking": 1333,
        "estado": "Suspendido",
        "suspension": 4
    },
    {
        "id": "074",
        "nombre": "Mrs. Victoria Johnson",
        "region": "Johto",
        "ranking": 1655,
        "estado": "Suspendido",
        "suspension": 2
    },
    {
        "id": "075",
        "nombre": "Chloe Davis",
        "region": "Kanto",
        "ranking": 1175,
        "estado": "Activo",
        "suspension": 0
    },
    {
        "id": "076",
        "nombre": "Anthony Jackson",
        "region": "Sinnoh",
        "ranking": 1353,
        "estado": "Activo",
        "suspension": 0
    },
    {
        "id": "077",
        "nombre": "Michael Kane",
        "region": "Sinnoh",
        "ranking": 1806,
        "estado": "Activo",
        "suspension": 0
    },
    {
        "id": "078",
        "nombre": "Debbie Williamson",
        "region": "Unova",
        "ranking": 1763,
        "estado": "Suspendido",
        "suspension": 1
    },
    {
        "id": "079",
        "nombre": "Lindsay Sheppard",
        "region": "Hoenn",
        "ranking": 1998,
        "estado": "Activo",
        "suspension": 0
    },
    {
        "id": "080",
        "nombre": "Cheyenne Fields",
        "region": "Unova",
        "ranking": 1391,
        "estado": "Suspendido",
        "suspension": 3
    },
    {
        "id": "081",
        "nombre": "Meagan Cowan",
        "region": "Sinnoh",
        "ranking": 1459,
        "estado": "Activo",
        "suspension": 0
    },
    {
        "id": "082",
        "nombre": "Whitney Young",
        "region": "Hoenn",
        "ranking": 1081,
        "estado": "Suspendido",
        "suspension": 4
    },
    {
        "id": "083",
        "nombre": "David Owens",
        "region": "Unova",
        "ranking": 1734,
        "estado": "Expulsado",
        "suspension": 0
    },
    {
        "id": "084",
        "nombre": "David Durham",
        "region": "Kanto",
        "ranking": 1281,
        "estado": "Suspendido",
        "suspension": 5
    },
    {
        "id": "085",
        "nombre": "Chad Reyes",
        "region": "Unova",
        "ranking": 1875,
        "estado": "Activo",
        "suspension": 0
    },
    {
        "id": "086",
        "nombre": "Richard Noble",
        "region": "Sinnoh",
        "ranking": 1428,
        "estado": "Activo",
        "suspension": 0
    },
    {
        "id": "087",
        "nombre": "Benjamin Lee",
        "region": "Hoenn",
        "ranking": 1492,
        "estado": "Suspendido",
        "suspension": 1
    },
    {
        "id": "088",
        "nombre": "Stacey Jimenez",
        "region": "Sinnoh",
        "ranking": 1636,
        "estado": "Activo",
        "suspension": 0
    },
    {
        "id": "089",
        "nombre": "Stacy Allen",
        "region": "Sinnoh",
        "ranking": 1750,
        "estado": "Suspendido",
        "suspension": 5
    },
    {
        "id": "090",
        "nombre": "Jason Morris",
        "region": "Johto",
        "ranking": 1457,
        "estado": "Activo",
        "suspension": 0
    },
    {
        "id": "091",
        "nombre": "Anne Reynolds",
        "region": "Kanto",
        "ranking": 1475,
        "estado": "Expulsado",
        "suspension": 0
    },
    {
        "id": "092",
        "nombre": "Daniel Odonnell",
        "region": "Hoenn",
        "ranking": 1398,
        "estado": "Activo",
        "suspension": 0
    },
    {
        "id": "093",
        "nombre": "Brooke Curry",
        "region": "Hoenn",
        "ranking": 1130,
        "estado": "Activo",
        "suspension": 0
    },
    {
        "id": "094",
        "nombre": "Julia Harris",
        "region": "Unova",
        "ranking": 1272,
        "estado": "Expulsado",
        "suspension": 0
    },
    {
        "id": "095",
        "nombre": "Andrea Richards",
        "region": "Sinnoh",
        "ranking": 1701,
        "estado": "Expulsado",
        "suspension": 0
    },
    {
        "id": "096",
        "nombre": "Brent Schwartz",
        "region": "Sinnoh",
        "ranking": 1531,
        "estado": "Suspendido",
        "suspension": 1
    },
    {
        "id": "097",
        "nombre": "Sonya Martin",
        "region": "Unova",
        "ranking": 1662,
        "estado": "Activo",
        "suspension": 0
    },
    {
        "id": "098",
        "nombre": "Rodney Wells",
        "region": "Hoenn",
        "ranking": 1245,
        "estado": "Activo",
        "suspension": 0
    },
    {
        "id": "099",
        "nombre": "Brian Copeland",
        "region": "Johto",
        "ranking": 1466,
        "estado": "Activo",
        "suspension": 0
    },
    {
        "id": "100",
        "nombre": "Jermaine Rosales",
        "region": "Sinnoh",
        "ranking": 1691,
        "estado": "Activo",
        "suspension": 0
    }
]